session_title,association,location,session_chair_name,session_chair_affiliation,session_respondent_name,session_respondent_affiliation,presenter_name,presenter_affiliation,presentation_title
Musical Literacy in the Early Middle Ages ,AMS,Grand Ballroom A,Peter Jeffery,University of Notre Dame,NA,NA,Daniel DiCenso,College of the Holy Cross,Literacy and Transmission in the Earliest Mass-Chant Books: A Perspective from Neuroscience
Musical Literacy in the Early Middle Ages ,AMS,Grand Ballroom A,Peter Jeffery,University of Notre Dame,NA,NA,Henry Parkes,Yale University,Remembering or Dismembering? The Implications of Written Collections for Early Medieval Trope Performance
Musical Literacy in the Early Middle Ages ,AMS,Grand Ballroom A,Peter Jeffery,University of Notre Dame,NA,NA,Emma Hornby and Rebecca Maloy,University of Bristol / University of Colorado Boulder,Melodic Language and Musical Literacy in the Old Hispanic Chant
History of Music Theory ,SMT,Junior Ballroom C,Frank Heidlberger,University of North Texas,Stephen Hinton,Stanford University,Frank Heidlberger,University of North Texas,'What Is the History of Music Theory?' Dahlhaus's Essay and its Relevance for the Current Understanding of the Discipline
History of Music Theory ,SMT,Junior Ballroom C,Frank Heidlberger,University of North Texas,Stephen Hinton,Stanford University,Jan Philipp Sprick,"Hochschule fÃ¼r Musik und Theater, Rostock",On the Implicit and Explicit Reception of Dahlhaus's 'Was heiÃŸt Geschichte der Musiktheorie?'
History of Music Theory ,SMT,Junior Ballroom C,Frank Heidlberger,University of North Texas,Stephen Hinton,Stanford University,Nathan John Martin,University of Michigan,Dahlhaus's 'Was heiÃŸt Geschichte der
History of Music Theory ,SMT,Junior Ballroom C,Frank Heidlberger,University of North Texas,Stephen Hinton,Stanford University,"Musiktheorie?' Between Kuhn and Weber"" Thomas Christensen",University of Chicago,Dahlhaus and the Origins of the Origin
History of Music Theory ,SMT,Junior Ballroom C,Frank Heidlberger,University of North Texas,Stephen Hinton,Stanford University,Stefano Mengozzi,University of Michigan,The History of Music Theory after Dahlhaus's Studies on the Origin of Harmonic Tonality: On the Relationship between Musical Concepts
History of Music Theory ,SMT,Junior Ballroom C,Frank Heidlberger,University of North Texas,Stephen Hinton,Stanford University,Gesine SchrÃ¶der,"UniversitÃ¤t fÃ¼r Musik und darstellende Kunst Wien/Hochschule fÃ¼r Musik und Theater ""Felix Mendelssohn Bartholdy""",Theorist and Teacher of Theory: Carl Dahlhaus as a Model for the Classroom Teaching of Music Theory at German Conservatories
Colonial Music in the New World ,AMS,Grand Ballroom B,Louise K. Stein,University of Michigan,NA,NA,Lorenzo Candelaria,University of Texas at El Paso,Pedro de Gante and the Creation of Euro-Mexica Catholic Song in Sixteenth-Century New Spain
Colonial Music in the New World ,AMS,Grand Ballroom B,Louise K. Stein,University of Michigan,NA,NA,Sarah Eyerly,Florida State University,Mozart and the Moravians
Colonial Music in the New World ,AMS,Grand Ballroom B,Louise K. Stein,University of Michigan,NA,NA,Faith S. Lanam,"University of California, Santa Cruz","Mothers, Sisters, NiÃ±as, and Nuns: The Professional Training of Young Female Musicians of Colonial Mexico"
Colonial Music in the New World ,AMS,Grand Ballroom B,Louise K. Stein,University of Michigan,NA,NA,Alejandro Vera,Pontificia Universidad Catolica de Chile,The Globalization of Instrumental Music in the Late Eighteenth Century: Reception and Transmission of the Galant-Classical
Extending Topic Theory ,SMT,Pavilion Ballroom D,Danuta Mirka,University of Southampton,NA,NA,Martha E. Sullivan,Rutgers University,"The Siren Topos, Male Anxiety, and Female Agency"
Extending Topic Theory ,SMT,Pavilion Ballroom D,Danuta Mirka,University of Southampton,NA,NA,Johanna Frymoyer,Indiana University,Octatonic and Ombra: The Russian Supernatural as a Musical Topic
Extending Topic Theory ,SMT,Pavilion Ballroom D,Danuta Mirka,University of Southampton,NA,NA,Thomas Johnson,"Graduate Center, CUNY",Lying About Tonality: A New World of Topic in Early Twentieth-Century Modernist Music
Extending Topic Theory ,SMT,Pavilion Ballroom D,Danuta Mirka,University of Southampton,NA,NA,Daniel J. Thompson,Florida State University,A Topical Exploration of the Jazz Messengers' 1963 Recording 'One by One'
Century ,AMS,Pavilion Ballroom A,Caryl Clark,University of Toronto,NA,NA,Austin Glatthorn,Dalhousie University,"Out with the Old, In with the New: Music and Regime Change During the French Occupation of Mainz, 1792â€“93"
Century ,AMS,Pavilion Ballroom A,Caryl Clark,University of Toronto,NA,NA,Jenna Harmon,Northwestern University,"Silent Songs, Royal Orgies: Listening to the Political Pornography of the French Revolution"
Century ,AMS,Pavilion Ballroom A,Caryl Clark,University of Toronto,NA,NA,Erica Levenson,Cornell University,"From a Tune's-Eye View: French Theater Music in London, 1714â€“45"
Century ,AMS,Pavilion Ballroom A,Caryl Clark,University of Toronto,NA,NA,Diane Tisdall,King's College London,"Blood, Sweat, and Scales: The Birth of Modern Bureaucracy at the Paris Conservatoire"
Musical Histories of Modern Nationhood ,AMS,Junior Ballroom A/B,Richard Miller,University of Nevada-Las Vegas,NA,NA,Stephen Armstrong,"Eastman School of Music, University of Rochester",Japan's Messiaen: Sept HaÃ¯kaÃ¯ and the French-Japanese Cold War Connection
Musical Histories of Modern Nationhood ,AMS,Junior Ballroom A/B,Richard Miller,University of Nevada-Las Vegas,NA,NA,Danielle Fosler-Lussier,Ohio State University,Public-Private Cooperation in the Curation of America's Musical Diversity
Musical Histories of Modern Nationhood ,AMS,Junior Ballroom A/B,Richard Miller,University of Nevada-Las Vegas,NA,NA,Kunio Hara,University of South Carolina,"Music, Sound, and Nostalgia in Animated Films of Studio Ghibli"
Musical Histories of Modern Nationhood ,AMS,Junior Ballroom A/B,Richard Miller,University of Nevada-Las Vegas,NA,NA,Brooke McCorkle,SUNY Geneseo,Was ist Japanisch?: Wagnerism and Nationhood in Modern Japan
Nineteenth-Century Music and Social History ,AMS,Port McNeill,Halina Goldberg,Indiana University,NA,NA,Sara Ballance,"University of California, Santa Barbara",Nineteenth-Century GehÃ¶rbildung as a Means of Self-Cultivation
Nineteenth-Century Music and Social History ,AMS,Port McNeill,Halina Goldberg,Indiana University,NA,NA,Katherine Fry,London,The Reception of German Music and Philosophy in Victorian Britain: George Eliot as Music Critic and Translator ca. 1855
Nineteenth-Century Music and Social History ,AMS,Port McNeill,Halina Goldberg,Indiana University,NA,NA,Christine Kyprianides,IndyBaroque Music,Musical Crimes and Misdemeanors from the
Nineteenth-Century Music and Social History ,AMS,Port McNeill,Halina Goldberg,Indiana University,NA,NA,Wiebke Thormahlen,Royal College of Music,The Professionalization of Music and the Edification of Amateur Music-Making in Nineteenth-Century London: A Challenge to
Opera Exchanges ,AMS,Grand Ballroom C,Naomi AndrÃ©,University of Michigan,NA,NA,Katharina Clausius,University of Cambridge,The Poet's Prose: Dramma per musica after 'TÃ©lÃ©macomania'
Opera Exchanges ,AMS,Grand Ballroom C,Naomi AndrÃ©,University of Michigan,NA,NA,Caroline Anne Ellsmore,Melbourne,'Fra le quinte with Aida: Teresa Stolz Writes to Giuseppe Verdi'
Opera Exchanges ,AMS,Grand Ballroom C,Naomi AndrÃ©,University of Michigan,NA,NA,Edward Jacobson,"University of California, Berkeley",Reading at the Opera: The Case of Donizetti's Historicism
Opera Exchanges ,AMS,Grand Ballroom C,Naomi AndrÃ©,University of Michigan,NA,NA,Laura Moeckli,University of Bern,Analyzing Time Structures in Nineteenth-Century Opera
Modernism's Tensions ,AMS,Junior Ballroom D,Blake Howe,Louisiana State University,NA,NA,Christopher Chowrimootoo,University of Notre Dame,The Burning Fiery Furnace and the Redemption of Religious Kitsch
Modernism's Tensions ,AMS,Junior Ballroom D,Blake Howe,Louisiana State University,NA,NA,Ryan Dohoney,Northwestern University,"Antimodernism, Ultramodernism, and 'After Modernism'"
Modernism's Tensions ,AMS,Junior Ballroom D,Blake Howe,Louisiana State University,NA,NA,Erin K. Maher,Delaware Valley University,The Lens of Disability in Darius Milhaud's
Modernism's Tensions ,AMS,Junior Ballroom D,Blake Howe,Louisiana State University,NA,NA,"Postwar U.S. Reception"" Charissa Noble","University of California, Santa Cruz","Extended From What?: Confronting Constructions of Voice, Gender, and the Machine in the Canonization of 'Extended' Vocal Techniques through Joan La Barbara's Cathing"
Early Modern Performance ,AMS,Port Alberni,Daniel R. Melamed,Indiana University,NA,NA,Gregory Johnston,University of Toronto,Heinrich SchÃ¼tz's Musical Gift to the WolfenbÃ¼ttel Court: What the Partbooks Tell Us
Early Modern Performance ,AMS,Port Alberni,Daniel R. Melamed,Indiana University,NA,NA,Andrew Shryock,Boston Conservatory,Reviving Messiah: Handel's 1743 Oratorio Season
Logics of Late Modernism ,SMT,Pavilion Ballroom B,Robert Hasegawa,McGill University,NA,NA,Laurence Willis,McGill University,Harmonic Dualism in Ben Johnston's Ninth String Quartet
Logics of Late Modernism ,SMT,Pavilion Ballroom B,Robert Hasegawa,McGill University,NA,NA,Antares Boyle,University of British Columbia,"'Conoscere e riconoscere': Fragmentation, Repetition, and Formal Process in Sciarrino's Instrumental Music"
Corpus of Jembe Drum Music from Mali ,SMT,Pavilion Ballroom C,John Roeder,University of British Columbia,Kofi Agawu,Princeton University,Justin London,Carleton College,Statistical Learning and Rhythm-Meter Relationships in Jembe Drum Ensemble Music from Mali
Corpus of Jembe Drum Music from Mali ,SMT,Pavilion Ballroom C,John Roeder,University of British Columbia,Kofi Agawu,Princeton University,Rainer Polak,"Cologne University for Music and Dance, Germany",Non-Isochronous Beat Subdivision and Ensemble Synchronization in Jembe Drum Ensemble Music from Mali
Corpus of Jembe Drum Music from Mali ,SMT,Pavilion Ballroom C,John Roeder,University of British Columbia,Kofi Agawu,Princeton University,Nori Jacoby,Massachusetts Institute of Technology,Musical Roles and Individual Behavior in Ensemble Entrainment in Jembe Drum Ensemble Music from Mali
Race in Midtown ,AMS,Grand Ballroom D,Elizabeth Craf,University of Utah,NA,NA,Todd Decker,Washington University in St Louis,Jim Crow in Times Square: Racial Segregation as a Structural Element of Broadway Musical Theatre History
Race in Midtown ,AMS,Grand Ballroom D,Elizabeth Craf,University of Utah,NA,NA,Marian Smith,University of Oregon,"'A Dash of Hi-di-hi': Balanchine's Met Aida, 1935"
Enlightenment Tarantism ,AMS,Port Alberni,Elisabeth Le Guin,"University of California, Los Angeles",NA,NA,Virginia Georgallas,University of Toronto,"The Maniac's Affliction: Music, Madness, and Caprice in Late Eighteenth Century Spain"
Enlightenment Tarantism ,AMS,Port Alberni,Elisabeth Le Guin,"University of California, Los Angeles",NA,NA,Ana SÃ¡nchez-Rojo,Tulane University,Enlightened or Feverish? Tarantism and the Formation of Public Opinion in Spain
Minstrelsy ,AMS,Grand Ballroom D,Dale Cockrell,Vanderbilt University,NA,NA,David Blake,Stony Brook University,"Minstrelsy and the Yale College Man, 1845â€“75"
Minstrelsy ,AMS,Grand Ballroom D,Dale Cockrell,Vanderbilt University,NA,NA,Sean Lorre,McGill University,"1951 Britain in Black and White: The Minstrel Mask, Migration, and the Transatlantic Flow of Black Musics"
Performing Babbitt and Morris ,SMT,Pavilion Ballroom B,Andrew Mead,Indiana University,NA,NA,Zachary Bernstein,"Eastman School of Music, University of Rochester",Babbitt's Gestural Dialectics
Performing Babbitt and Morris ,SMT,Pavilion Ballroom B,Andrew Mead,Indiana University,NA,NA,Brian Alegan,Oberlin College & Conservatory,Once More with Feeling: Analyzing and Performing Robert Morris's Scraps
Positional Listening/Positional Analysis ,SMT,Pavilion Ballroom C,Mark Spicer,"Hunter College / Graduate Center, CUNY",Elizabeth Marvin,"Eastman School of Music, University of Rochester",John Covach,University of Rochester,A View from Guitar Land: Shifting Positional Listening in Complex Textures
Positional Listening/Positional Analysis ,SMT,Pavilion Ballroom C,Mark Spicer,"Hunter College / Graduate Center, CUNY",Elizabeth Marvin,"Eastman School of Music, University of Rochester",Kevin Holm-Hudson,University of Kentucky,Stratified Keyboard Harmony in the Music of Todd Rundgren
Positional Listening/Positional Analysis ,SMT,Pavilion Ballroom C,Mark Spicer,"Hunter College / Graduate Center, CUNY",Elizabeth Marvin,"Eastman School of Music, University of Rochester",Brad Osborn,University of Kansas,Metric Levels from Behind the Kit (and Elsewhere)
Positional Listening/Positional Analysis ,SMT,Pavilion Ballroom C,Mark Spicer,"Hunter College / Graduate Center, CUNY",Elizabeth Marvin,"Eastman School of Music, University of Rochester",Gregory R. McCandless,Appalachian State University,Attentional Cost and Positional Analysis: A Bassist's Perspective
Susanne Langer Reconsidered ,AMS,Pavilion Ballroom A,Michael Gallope,University of Minnesota,Holly Watkins,"Eastman School of Music, University of Rochester",Anne Pollok,University of South Carolina,To Feel Is Not to Say: Immediacy at the Center of Langer's Theory of Music as 'Living Form'
Susanne Langer Reconsidered ,AMS,Pavilion Ballroom A,Michael Gallope,University of Minnesota,Holly Watkins,"Eastman School of Music, University of Rochester",Bryan Parkhurs,University of South Florida,Right and Left Formalism
Susanne Langer Reconsidered ,AMS,Pavilion Ballroom A,Michael Gallope,University of Minnesota,Holly Watkins,"Eastman School of Music, University of Rochester",Eldritch Pries,New York University,Do Animals Get Earworms?
,AMS,Junior Ballroom D,Kate Galloway,Wesleyan University/Memorial University of Newfoundland,Alexander Rehding,Harvard University,William Cheng,Dartmouth College,Inspiration Porn: A Classroom Quandary
Music History Survey ,AMS,Grand Ballroom B,Mark Clague,University of Michigan,NA,NA,NA,NA,NA
Representation ,AMS,Port Alberni,Deborah Schwartz-Kates,University of Miami,NA,NA,NA,NA,NA
The Hermeneutics of Sonata Deformation ,SMT,Junior Ballroom C,Patrick McCreless,Yale University,NA,NA,James Hepokoski,Yale University,Shattering the Bonds of Nature: The Queen of the Night Invades Enemy Territory
The Hermeneutics of Sonata Deformation ,SMT,Junior Ballroom C,Patrick McCreless,Yale University,NA,NA,Charity Lofthouse,Hobart and William Smith Colleges,The Success of Russian 'Failure': Tonal and Post-Tonal Resolution in Twentieth-Century Russian Sonata Movements
The Hermeneutics of Sonata Deformation ,SMT,Junior Ballroom C,Patrick McCreless,Yale University,NA,NA,Stephen Gosden,University of North Florida,From Apotheosis to Breakthrough: Intertextuality and Climax in Rachmaninoff's Piano Concerto no. 4
The Hermeneutics of Sonata Deformation ,SMT,Junior Ballroom C,Patrick McCreless,Yale University,NA,NA,Rebecca Perry,Yale University,Between the Signposts: Thematic Interpolation and Structural Defamiliarization in Prokofiev's Sonata Process
Ligeti ,SMT,Pavilion Ballroom B,Jennifer Iverson,University of Chicago,NA,NA,Benjamin R. Levy,"University of California, Santa Barbara",Ligeti's Uses of Literature
Ligeti ,SMT,Pavilion Ballroom B,Jennifer Iverson,University of Chicago,NA,NA,Sara Bakker,Utah State University,Interpreting Flexible Repetition in the Late Works of GyÃ¶rgy Ligeti
Ligeti ,SMT,Pavilion Ballroom B,Jennifer Iverson,University of Chicago,NA,NA,John Cuciurean,University of Western Ontario,The Mysterious Case of GyÃ¶rgy Ligeti's 'L'arrache coeur'
Ligeti ,SMT,Pavilion Ballroom B,Jennifer Iverson,University of Chicago,NA,NA,Amy Bauer,"University of California, Irvine",Ligeti's Ã‰tudes and the Heroic Codes of Late Modernity
Ludomusicology outside Video Games ,AMS,Grand Ballroom C,Michael Austin,Howard University,NA,NA,Steven Beverburg Reale,Youngstown State University,Glass Beads and Graphic Analysis: A Ludist Account of Contemporary Music Theory
Ludomusicology outside Video Games ,AMS,Grand Ballroom C,Michael Austin,Howard University,NA,NA,Carmel Raz,Columbia University,"Anne Young's 'Musical Games' (1801): Music Theory, Gender, and Game Design"
Ludomusicology outside Video Games ,AMS,Grand Ballroom C,Michael Austin,Howard University,NA,NA,Tekla Babyak,Cornell University,"Music, Card Games, and the Play of Sensation: Kant's Ludomusical Aesthetics"
Ludomusicology outside Video Games ,AMS,Grand Ballroom C,Michael Austin,Howard University,NA,NA,Karen Cook,University of Hartford,Beyond (the) Halo: Chant in Video Games
Ludomusicology outside Video Games ,AMS,Grand Ballroom C,Michael Austin,Howard University,NA,NA,Kirsten Carithers,Northwestern University,Not Just Fun and Games: Musical Indeterminacy as User-Generated Content
"Musical Performers, Musical Works ",SMT,Pavilion Ballroom D,Victoria Tzotzkova,Harvard University,Eric Clarke,University of Oxford,Patrick Boyle,University of Victoria,The Jazz Process: Negotiating Error in Practice and Performance
"Musical Performers, Musical Works ",SMT,Pavilion Ballroom D,Victoria Tzotzkova,Harvard University,Eric Clarke,University of Oxford,John Lutterman,"University of Alaska, Anchorage",Werktreue vs. Praxistreue: On the Problems of Representing Historical Performing Practices in the Modern Concert Hall
"Musical Performers, Musical Works ",SMT,Pavilion Ballroom D,Victoria Tzotzkova,Harvard University,Eric Clarke,University of Oxford,Charles Neidich,"The Juilliard School/Queens College, CUNY",Knowledge and Imagination: On Performing Elliott Carter's Gra for B-flat Clarinet
"Musical Performers, Musical Works ",SMT,Pavilion Ballroom D,Victoria Tzotzkova,Harvard University,Eric Clarke,University of Oxford,Eric Clarke,University of Oxford,Knowing and Doing
,AMS,Grand Ballroom D,John Shepard,"University of California, Berkeley",NA,NA,Darwin F. Sco,Princeton University,"A Rapid, International Tour d'horizon of Digital Scores in Late 2016"
,AMS,Grand Ballroom D,John Shepard,"University of California, Berkeley",NA,NA,Christina Linklater and Sarah J. Adams,Harvard University,"Accessing Pre-1800 Music via RISM and Other Resource Portals: Discovery, Content, Synthesis"
,AMS,Grand Ballroom D,John Shepard,"University of California, Berkeley",NA,NA,Deborah Campana,Oberlin College & Conservatory,Free in the Ether: Digital Scores for Music Research
,AMS,Grand Ballroom D,John Shepard,"University of California, Berkeley",NA,NA,Bonna J. Boettcher,Cornell University,Collections of Digitized Scores from Publishers and Third-Party Providers: From Free to Fee
,AMS,Grand Ballroom D,John Shepard,"University of California, Berkeley",NA,NA,Laura Stokes,Brown University,Containing the Dogfight: Digital Popular Sheet Music in the Curriculum
,AMS,Grand Ballroom D,John Shepard,"University of California, Berkeley",NA,NA,Kent Underwood,New York University,"Scores and Libraries in the World of Web-Based, Self-Publishing Composers"
Musical Artifacts ,AMS,Port McNeill,Eric Hung,Westminster Choir College of Rider University,NA,NA,Elizabeth Ann Lindau,"California State University, Long Beach",Music Re-materialized: The Revival of the 78
Musical Artifacts ,AMS,Port McNeill,Eric Hung,Westminster Choir College of Rider University,NA,NA,Amy Coddington,University of Virginia,Rap's Merchandise: How Commodified Musical Artifacts Affect Historical Narratives
Musical Artifacts ,AMS,Port McNeill,Eric Hung,Westminster Choir College of Rider University,NA,NA,Loren Kajikawa,University of Oregon,Art of Facts: Reconstructing Early Hip Hop Performance
Musical Artifacts ,AMS,Port McNeill,Eric Hung,Westminster Choir College of Rider University,NA,NA,Deirdre Morgan,University of London,The Anatomy of Style: Playing Technique as Musical Artifact
Musical Artifacts ,AMS,Port McNeill,Eric Hung,Westminster Choir College of Rider University,NA,NA,Tim Sterner Miller,University of Wisconsin-Milwaukee,Visiting a Pedal Steel Graveyard: Instruments and the Valuation of Popular Music Artifacts
Musical Significations ,SMT,Pavilion Ballroom C,Judith Lochhead,Stony Brook University,NA,NA,Bruno Alcalde,Northwestern University,Signification in Plurality: A Typology of Chimeric Environments in Polystylistic Music of the Post-1950s
Musical Significations ,SMT,Pavilion Ballroom C,Judith Lochhead,Stony Brook University,NA,NA,Aaron Harcus,"Graduate Center, CUNY",Between Sign and Convention: On the Phenomenology of Modernist Musical Topics
Nineteenth-Century Periods ,SMT,Pavilion Ballroom C,Poundie Burstein,"Hunter College / Graduate Center, CUNY",NA,NA,Stephen Rodgers,University of Oregon,Schubert's Idyllic Periods
Nineteenth-Century Periods ,SMT,Pavilion Ballroom C,Poundie Burstein,"Hunter College / Graduate Center, CUNY",NA,NA,Xieyi,Abby,Between Half and Perfect Cadences: Alternate Antecedent Tonicizations within Parallel Periods
Behind and Beyond the Iron Curtain ,AMS,Junior Ballroom A/B,Martha Sprigge,"University of California, Santa Barbara",NA,NA,Kevin Bartig,Michigan State University,Olin Downes and the Soviets
Behind and Beyond the Iron Curtain ,AMS,Junior Ballroom A/B,Martha Sprigge,"University of California, Santa Barbara",NA,NA,Elaine Kelly,University of Edinburgh,Cultivating the Middle East: The German Democratic Republic on Tour
Behind and Beyond the Iron Curtain ,AMS,Junior Ballroom A/B,Martha Sprigge,"University of California, Santa Barbara",NA,NA,Anicia Timberlake,Williams College,East German Listening Lessons: Pedagogy and the Idea of Musical Content in the German Democratic Republic
Behind and Beyond the Iron Curtain ,AMS,Junior Ballroom A/B,Martha Sprigge,"University of California, Santa Barbara",NA,NA,Joan Titus,University of North Carolina at Greensboro,The Arnshtam/Shostakovich Collaboration: Scoring Women in the Soviet War Film
Century ,AMS,Port McNeill,Sanna Pederson,University of Oklahoma,NA,NA,Ellen Exner,New England Conservatory of Music,Dr. Burney's Complaint and the Case of Mendelssohn's Great Passion
Century ,AMS,Port McNeill,Sanna Pederson,University of Oklahoma,NA,NA,Karen Leistra-Jones,Franklin & Marshall College,Hans von BÃ¼low's Gospel of Beethoven
Century ,AMS,Port McNeill,Sanna Pederson,University of Oklahoma,NA,NA,Fabio Morabito,King's College London,"Replacing Haydn: Luigi Cherubini's 'affair EsterhÃ¡zy,' 1810â€“11"
Century ,AMS,Port McNeill,Sanna Pederson,University of Oklahoma,NA,NA,Reuben Phillips,Princeton University,Burying Brahms: Vienna's EhrengrÃ¤ber for Composers and the Fashioning of a City's Self-Image
England ,AMS,Pavilion Ballroom A,Jeanice Brooks,University of Southampton,NA,NA,Bethany Cencer,SUNY Potsdam,Dealing with Capitalism: Card Decks and the Circulation of Portable Music in Georgian England
England ,AMS,Pavilion Ballroom A,Jeanice Brooks,University of Southampton,NA,NA,Katelyn Clark,University of Toronto,The Myrtle of Venus and Bacchus's Vine at London's Anacreontic Society
England ,AMS,Pavilion Ballroom A,Jeanice Brooks,University of Southampton,NA,NA,Alison DeSimone,University of Missouri-Kansas City,'For the Benefit Of . . .': Italian Opera and the Establishment of the Singer's Benefit in Early Eighteenth-Century Britain
England ,AMS,Pavilion Ballroom A,Jeanice Brooks,University of Southampton,NA,NA,Sarah F. Williams,University of South Carolina,Traveling Music and Theatrics: Jemmy LaRoche and John Eccles' 'Raree Show'
Finding Voice in Popular Music ,AMS,Grand Ballroom A,Nina Eidsheim,"University of California, Los Angeles",NA,NA,Andrew Flory,Carleton College,"'She Needs Me': Marvin Gaye, Crooning, and Vocal Agency at Motown"
Finding Voice in Popular Music ,AMS,Grand Ballroom A,Nina Eidsheim,"University of California, Los Angeles",NA,NA,Mark Burford,Reed College,Mahalia Jackson's Class Politics of Voice
Finding Voice in Popular Music ,AMS,Grand Ballroom A,Nina Eidsheim,"University of California, Los Angeles",NA,NA,Maureen Mahon,New York University,Not Like a Girl: Tina Turner's Vocal Sound and Rock and Roll Success
"Frames, Fantasia, and Formal Functions ",SMT,Pavilion Ballroom D,William Caplin,McGill University,NA,NA,Catrina S. Kim,"Eastman School of Music, University of Rochester",Mendelssohn's Formal Frames: Multi-Stage and Recurring Introductions
"Frames, Fantasia, and Formal Functions ",SMT,Pavilion Ballroom D,William Caplin,McGill University,NA,NA,Christopher Brody,"Eastman School of Music, University of Rochester","Thematic Design and Tonal Structure in the Viennese String Quartet Minuet, circa 1770: Haydn and the"
"Frames, Fantasia, and Formal Functions ",SMT,Pavilion Ballroom D,William Caplin,McGill University,NA,NA,RenÃ© Rusch,University of Michigan,"The Four-Key Exposition? Schubert's Sonata Forms, the Fantasia, and Questions of Formal Coherence"
"Frames, Fantasia, and Formal Functions ",SMT,Pavilion Ballroom D,William Caplin,McGill University,NA,NA,Graham G. Hun,University of Texas at Arlington,Diverging Subordinate Themes and Internal Transitions: Assessing Internal Modulations in Three-Key Expositions
Motet ,AMS,Grand Ballroom B,Emma Dillon,King's College London,NA,NA,Catherine Bradley,Stony Brook University,Mini Clausulae and the Magnus liber organi
Motet ,AMS,Grand Ballroom B,Emma Dillon,King's College London,NA,NA,AlÃ¨xandros Maria Hatzikiriakos,University of Rome-Sapienza,"The Chansonnier du Roi, Naples, and the Geography of Thirteenth-Century Music"
Motet ,AMS,Grand Ballroom B,Emma Dillon,King's College London,NA,NA,Thomas B. Payne,College of William & Mary,"A Conductus, an Organum, and a Very Poor Loser: Philip the Chancellor, PÃ©rotin, and the Paris Bishop's Election of 1227â€“28"
Motet ,AMS,Grand Ballroom B,Emma Dillon,King's College London,NA,NA,GaÃ«l Saint-Cricq,UniversitÃ© de Rouen,Motets in Songbooks and the Borderland Culture of the Thirteenth-Century Motet
,SMT,Junior Ballroom C,Susannah Clark,Harvard University,NA,NA,Maryam A. Moshaver,University of Alberta,"Rameau, the Subjective Body, and the Forms of Theoretical Representation"
,SMT,Junior Ballroom C,Susannah Clark,Harvard University,NA,NA,August Sheehy,Stony Brook University,A. B. Marx and the Politics of Sonata Form
,SMT,Junior Ballroom C,Susannah Clark,Harvard University,NA,NA,Rodney Garrison,SUNY Fredonia,Schenker's Elucidations on Unfolding Compound
,SMT,Junior Ballroom C,Susannah Clark,Harvard University,NA,NA,Ãine Heneghan,University of Michigan,Rethinking Repetition: Schoenberg and the 'endless reshaping of a basic shape'
Classical Music on the Big Screen ,AMS,Grand Ballroom C,Mary Simonson,Colgate University,NA,NA,Erin Brooks,SUNY Potsdam,Movies at the Met? Space and Meaning in Early Film Screenings
Classical Music on the Big Screen ,AMS,Grand Ballroom C,Mary Simonson,Colgate University,NA,NA,Olga Haldey,University of Maryland,'Bach Is a Great Responsibility': the B-minor Mass
Classical Music on the Big Screen ,AMS,Grand Ballroom C,Mary Simonson,Colgate University,NA,NA,Christy Thomas,Bates College,"'A Combination Made for Experiment': Casa Ricordi, Aida, and Opera on Screen in 1911"
Classical Music on the Big Screen ,AMS,Grand Ballroom C,Mary Simonson,Colgate University,NA,NA,Danielle Ward-Griffin,Christopher Newport University,As Seen on TV: Putting the NBC Opera Theatre on Stage
The Reach of Humanistic Learning ,AMS,Port Alberni,John McKay,University of South Carolina,NA,NA,Nicholas Johnson,Butler University,Johannes Kepler's Astro-Musical Soul and Early Modern Speculative Music Theory
The Reach of Humanistic Learning ,AMS,Port Alberni,John McKay,University of South Carolina,NA,NA,Sarah Koval,University of Toronto,'Pills to Purge Melancholy': The Restorative Power of Songs in Restoration England
The Reach of Humanistic Learning ,AMS,Port Alberni,John McKay,University of South Carolina,NA,NA,Loren Ludwig,University of Virginia,'Marketh it well': William Bathe's Table (1596) and Experimental Practice
The Reach of Humanistic Learning ,AMS,Port Alberni,John McKay,University of South Carolina,NA,NA,Joseph Ortiz,University of Texas at El Paso,Between Humanism and Praxis: Concepts of Musical Literacy in Early Modern Europe
Project ,SMT,Pavilion Ballroom C,J. Daniel Jenkins,University of South Carolina,NA,NA,NA,NA,NA
Sounding Stereotypes ,AMS,Grand Ballroom D,Tina FrÃ¼hauf,"Graduate Center, CUNY",NA,NA,Siel Agugliaro,University of Pennsylvania,"'They are not Alfredo and Violetta': Cultural Hierarchy, Race, and Politics in the Cold War Italian Performances of Porgy and Bess"
Sounding Stereotypes ,AMS,Grand Ballroom D,Tina FrÃ¼hauf,"Graduate Center, CUNY",NA,NA,Dan Blim,Denison University,MacDowell's Vanishing Indians
Sounding Stereotypes ,AMS,Grand Ballroom D,Tina FrÃ¼hauf,"Graduate Center, CUNY",NA,NA,Daniel Goldmark,Case Western Reserve University,Musical Stereotyping American Jewry in Early Twentieth-Century Mass Media
Sounding Stereotypes ,AMS,Grand Ballroom D,Tina FrÃ¼hauf,"Graduate Center, CUNY",NA,NA,Daniel Grimley,University of Oxford,'I will meet you when the sun goes down': From Place to Race in Delius's Appalachia
Bernstein ,AMS,Junior Ballroom D,Ryan Raul BaÃ±agale,Colorado College,NA,NA,Katherine Baber,University of Redlands,'Radical Chic' and Leonard Bernstein's Politics of Style
Bernstein ,AMS,Junior Ballroom D,Ryan Raul BaÃ±agale,Colorado College,NA,NA,Daniel Callahan,Boston College,Bernstein's Body
Boulez: From Sketch to Score ,SMT,Pavilion Ballroom B,Ciro Scotto,Ohio University,NA,NA,Joseph Salem,University of Victoria,The Melodies of L'Orestie and Pierre Boulez's New Compositional Method
Boulez: From Sketch to Score ,SMT,Pavilion Ballroom B,Ciro Scotto,Ohio University,NA,NA,C. Catherine Losada,"College-Conservatory of Music, University of Cincinnati",Middleground Structure in the Cadenza to Boulez's Ã‰clat
Canonic American Composers ,AMS,Junior Ballroom D,David Paul,"University of California, Santa Barbara",NA,NA,Ryan Raul BaÃ±agale,Colorado College,Reconstructing the Rhapsody in Blue Piano Solo
Canonic American Composers ,AMS,Junior Ballroom D,David Paul,"University of California, Santa Barbara",NA,NA,Jacob A. Cohen,"Graduate Center, CUNY",Dancing in the Barn with Charles Ives
Dallapiccola and the Dynamics of Influence ,SMT,Pavilion Ballroom B,Jamuna Samuel,University of Pennsylvania,NA,NA,Angela Ida De Benedictis,"Paul Sacher Foundation, Basel",The Composer and his Advocate: Taking Clues from the Dallapiccola-Mila
Dallapiccola and the Dynamics of Influence ,SMT,Pavilion Ballroom B,Jamuna Samuel,University of Pennsylvania,NA,NA,Angela Carone,"Fondazione Giorgio Cini, Venezia",Teaching Beyond the Craft of Composition: The Relationship between Luigi Dallapiccola and Luciano Berio
Lecture: Stravinsky Comes to Vancouver ,AMS,Grand Ballroom C,Anne Shreffler,Harvard University,NA,NA,NA,NA,NA
of the Renaissance ,AMS,Junior Ballroom A/B,Anna Zayaruznaya,Yale University,Kate vanÂ Orden,Harvard University,Jane A. Bernstein,Tufts University,A Tale of Two Cities and Two Technologies: Shaping Music Books and Notes in Cinquecento Italy
of the Renaissance ,AMS,Junior Ballroom A/B,Anna Zayaruznaya,Yale University,Kate vanÂ Orden,Harvard University,Jesse Rodin,Stanford University,The Chansonnier as Sensory Artifact
of the Renaissance ,AMS,Junior Ballroom A/B,Anna Zayaruznaya,Yale University,Kate vanÂ Orden,Harvard University,Margaret Ben,"All Souls College, Oxford","Musical Networks: Initiative, Patronage, and Humanism in the Early-Fifteenth-Century Veneto"
of the Renaissance ,AMS,Junior Ballroom A/B,Anna Zayaruznaya,Yale University,Kate vanÂ Orden,Harvard University,Anne Walters Robertson,University of Chicago,"Music, Words, and Meaning in the Fifteenth-Century Sacred Repertory"
of the Renaissance ,AMS,Junior Ballroom A/B,Anna Zayaruznaya,Yale University,Kate vanÂ Orden,Harvard University,Richard Freedman,Haverford College,Early Music in the Digital Domain: Texts and Roles
Century ,SMT,Pavilion Ballroom D,Seth Monahan,"Eastman School of Music, University of Rochester",NA,NA,Edward Klorman,McGill University,Koch and Momigny: Theorists of Agency in Mozart's Quartets?
Century ,SMT,Pavilion Ballroom D,Seth Monahan,"Eastman School of Music, University of Rochester",NA,NA,W. Dean Sutcliffe,University of Auckland,Versatility and Floating Agency in Later Eighteenth-Century Instrumental Music
Century ,SMT,Pavilion Ballroom D,Seth Monahan,"Eastman School of Music, University of Rochester",NA,NA,Mary Hunter,Bowdoin College,The Agency of the Performer in Mozart's C-minor
Century ,SMT,Pavilion Ballroom D,Seth Monahan,"Eastman School of Music, University of Rochester",NA,NA,Robert S. Hatten,University of Texas at Austin,Agentially and Expressively Motivated Counterpoint
Case Studies in Late Medieval Devotion ,AMS,Port Alberni,Alejandro Planchar,"University of California, Santa Barbara",NA,NA,Alison Altsta,University of Northern Iowa,The Dramatic Sequence of the Wilton Visitatio sepulchri
Case Studies in Late Medieval Devotion ,AMS,Port Alberni,Alejandro Planchar,"University of California, Santa Barbara",NA,NA,Margot Fassler,University of Notre Dame,"The Artful Sequence: Texts, Music, and Decoration among Fourteenth-Century German-Speaking Dominican Nuns"
Case Studies in Late Medieval Devotion ,AMS,Port Alberni,Alejandro Planchar,"University of California, Santa Barbara",NA,NA,James Maiello,University of Manitoba,Making Sense of the Sequence at Pistoia
Case Studies in Late Medieval Devotion ,AMS,Port Alberni,Alejandro Planchar,"University of California, Santa Barbara",NA,NA,Michelle Urberg,University of Chicago/Pacific Lutheran University,Nordic Cult Building through Music and Ritual: Mary's Suffering Heart and the Office Stabat Virgo Dolorosa
Constructing the Artist ,AMS,Pavilion Ballroom A,David Bracke,McGill University,NA,NA,Mary Jones,Yale University,"Fighting for the 'Dignity of a Creator': Schoenberg, Lieberson, and the First Recording of Pierrot lunaire"
Constructing the Artist ,AMS,Pavilion Ballroom A,David Bracke,McGill University,NA,NA,Nate Sloan,Stanford University,Constructing Cab Calloway
Constructing the Artist ,AMS,Pavilion Ballroom A,David Bracke,McGill University,NA,NA,Oren Vinogradov,University of North Carolina at Chapel Hill,Defining Impressions: Franz Liszt's Press Kits and the New German Authorship
Constructing the Artist ,AMS,Pavilion Ballroom A,David Bracke,McGill University,NA,NA,Paula Harper,Columbia University,BeyoncÃ©â€‰: How Viral Techniques Circulated a Visual Album
Early Modern Women ,AMS,Port McNeill,Nina Treadwell,"University of California, Santa Cruz",NA,NA,Eleonora Beck,Lewis & Clark College,More Than a Pretty violeta: Santa Caterina de' Vigri's Contributions to Renaissance Musical Culture
Early Modern Women ,AMS,Port McNeill,Nina Treadwell,"University of California, Santa Cruz",NA,NA,Seth Coluzzi,"Boston, Mass.",The First Songstress: The Fragmented History of Lucia Quinciani's Monody of 1611
Early Modern Women ,AMS,Port McNeill,Nina Treadwell,"University of California, Santa Cruz",NA,NA,AscensiÃ³n Mazuela-Anguita,Spanish National Research Council,"Women, Urban Experiences of Music, and the Inquisition in the Early Modern Iberian World"
Early Modern Women ,AMS,Port McNeill,Nina Treadwell,"University of California, Santa Cruz",NA,NA,Sara Pecknold,Catholic University of America,Pretiosissimo sangue: Giulio Strozzi and the
Effect and Affect ,AMS,Grand Ballroom A,Nicholas Mathew,"University of California, Berkeley",NA,NA,Estelle Jouber,Dalhousie University,Gluck's Timbral Effects and an Alternate Aesthetic of a Classic
Effect and Affect ,AMS,Grand Ballroom A,Nicholas Mathew,"University of California, Berkeley",NA,NA,Tomas McAuley,University of Cambridge,Hearing the Enlightenment: Musical Affects and Mechanist Philosophy in Early Eighteenth-Century England and Scotland
Effect and Affect ,AMS,Grand Ballroom A,Nicholas Mathew,"University of California, Berkeley",NA,NA,Catherine Motuz,McGill University,'Such as the Mind Sees When It Hears': The Rise of
Effect and Affect ,AMS,Grand Ballroom A,Nicholas Mathew,"University of California, Berkeley",NA,NA,"Word-Painting as a Tool for Expression"" Annette Richards",Cornell University,Glass Music and the Virgin Warrior
Celebration ,SMT,Pavilion Ballroom C,Zachary Bernstein,"Eastman School of Music, University of Rochester",NA,NA,Zachary Bernstein,"Eastman School of Music, University of Rochester","'And we go . . . even we [, even so]': Memory and Closure at the End of Babbitt's A Solo Requiem"
Celebration ,SMT,Pavilion Ballroom C,Zachary Bernstein,"Eastman School of Music, University of Rochester",NA,NA,Daphne Leong,"University of Colorado, Boulder","Simple Ways of Hearing, Playing, and Teaching Babbitt's Semi-Simple Variations"
Celebration ,SMT,Pavilion Ballroom C,Zachary Bernstein,"Eastman School of Music, University of Rochester",NA,NA,Joshua Mailman,University of Alabama,"Babbitt's Beguiling Surfaces, Improvised Inside"
Celebration ,SMT,Pavilion Ballroom C,Zachary Bernstein,"Eastman School of Music, University of Rochester",NA,NA,Andrew Mead,Indiana University,Between Innocence and Experience: How Analysis Might or Might Not Have Affected My Hearing of Milton Babbitt's Music
Celebration ,SMT,Pavilion Ballroom C,Zachary Bernstein,"Eastman School of Music, University of Rochester",NA,NA,Robert Morris,"Eastman School of Music, University of Rochester",Listening to Babbitt's Occasional Variations
Celebration ,SMT,Pavilion Ballroom C,Zachary Bernstein,"Eastman School of Music, University of Rochester",NA,NA,Joseph N. Straus,"Graduate Center, CUNY",Octave Doubling in Babbitt's Swan Song no. 1
Celebration ,SMT,Pavilion Ballroom C,Zachary Bernstein,"Eastman School of Music, University of Rochester",NA,NA,Anton Vishio,William Paterson University,Babbitt via Feldman: Surfaces of Echoes and Reflection
Meters in Global Perspective ,SMT,Junior Ballroom C,Noriko Manabe,Temple University,NA,NA,Chris Stover,The New School,Timeline Spaces: A Theory of Temporal Process in African Drum/Dance Music
Meters in Global Perspective ,SMT,Junior Ballroom C,Noriko Manabe,Temple University,NA,NA,Fernando Benadon,American University,Polymetric Phrasing in Rumba's Quinto
Meters in Global Perspective ,SMT,Junior Ballroom C,Noriko Manabe,Temple University,NA,NA,Daniel Goldberg,Yale University,What's the Meter of Elenino Horo? Rhythm and Timing in Drumming for a Bulgarian Folk Dance
Meters in Global Perspective ,SMT,Junior Ballroom C,Noriko Manabe,Temple University,NA,NA,Peter Selinsky,Yale University,Conceptualizing Meter in Early Indojazz
Poster Presentations ,AMS,Gulf Islands B/C/D,Roe-Min Kok,McGill University,Gavin Williams,University of Cambridge,Denise Odello,University of Minnesota,"Tradition, Audience, and Performance Style in Collegiate Marching Musical Performance"
Poster Presentations ,AMS,Gulf Islands B/C/D,Roe-Min Kok,McGill University,Gavin Williams,University of Cambridge,"Dana Gorzelany-Mostak, Mark Misinco, Cannon McClain, and Sarah Kitts",Georgia College,Trail Trax: A Campaign Music Database
Poster Presentations ,AMS,Gulf Islands B/C/D,Roe-Min Kok,McGill University,Gavin Williams,University of Cambridge,Mia Tootill,Cornell University,Mapping Paris Theaters: A Digital Dissertation Appendix
Poster Presentations ,AMS,Gulf Islands B/C/D,Roe-Min Kok,McGill University,Gavin Williams,University of Cambridge,Erin Johnson-Williams,Trinity Laban Conservatoire of Music and Dance,Singing of Lovedale in London: Mobilizing the Archival Imaginary
Technologies of the Avant-Garde ,AMS,Grand Ballroom C,Sumanth Gopinath,University of Minnesota,NA,NA,Jonathan Goldman,University of Montreal,"Of Doubles, Groups and Rhymes: Spatialized Works and the Artistic Response to Sound Technology"
Technologies of the Avant-Garde ,AMS,Grand Ballroom C,Sumanth Gopinath,University of Minnesota,NA,NA,Madison Heying,"University of California, Santa Cruz","The Coding of Community: Carla Scaletti, Kyma, and Community Formation in Computer Music"
Technologies of the Avant-Garde ,AMS,Grand Ballroom C,Sumanth Gopinath,University of Minnesota,NA,NA,Nicholas Jurkowski,"University of California, Santa Barbara",The Avant-Garde Goes Corporate: Soundtracks and Sound Experiments at the Siemens Studio for Electronic Music
Technologies of the Avant-Garde ,AMS,Grand Ballroom C,Sumanth Gopinath,University of Minnesota,NA,NA,Rachel S. Vandagriff,"Oakland, Calif.",The Pre-history of the Columbia-Princeton Electronic Music Center
Transatlantic Opera ,AMS,Grand Ballroom D,Katherine K. Preston,College of William & Mary,NA,NA,Charlotte Bentley,University of Cambridge,Transatlantic grand opÃ©ra: Rethinking the ThÃ©Ã¢tre d'OrlÃ©ans
Transatlantic Opera ,AMS,Grand Ballroom D,Katherine K. Preston,College of William & Mary,NA,NA,Rachel Cowgill,University of Huddersfield,"Adaptation in English Opera: New Light from the Norwich Theatre Royal Music Collection, Norfolk Heritage Centre"
Transatlantic Opera ,AMS,Grand Ballroom D,Katherine K. Preston,College of William & Mary,NA,NA,April Greenan,University of Richmond,Performing National Identity: Francis Hopkinson and the First Productions of Serious Opera in Colonial America
Transatlantic Opera ,AMS,Grand Ballroom D,Katherine K. Preston,College of William & Mary,NA,NA,Jennifer C. H. J. Wilson,Brooklyn College,Vive la France! Vive la RÃ©volution! . . . Ã  New York
Theory and Practice ,SMT,Pavilion Ballroom B,Roger Mathew Gran,Wesleyan University,NA,NA,Ryan Taycher,Indiana University,De fundamento discanti
Theory and Practice ,SMT,Pavilion Ballroom B,Roger Mathew Gran,Wesleyan University,NA,NA,Peter Schubert and Julie Cumming,McGill University,'Maintaining a Point': Repeated Motives over an Equal-Note Cantus Firmus from Josquin to Monteverdi
Theory and Practice ,SMT,Pavilion Ballroom B,Roger Mathew Gran,Wesleyan University,NA,NA,Megan Kaes Long,Oberlin College & Conservatory,Tonality's Missing Link: Text Setting and Metrical Regularity in Italianate Partsong at the Turn of the Seventeenth Century
Theory and Practice ,SMT,Pavilion Ballroom B,Roger Mathew Gran,Wesleyan University,NA,NA,Layne Vanderbeek,"University at Buffalo, SUNY",Tactical Approaches to Tactus in Praetorius and Burmeister: Differences in their Rhetorical Understanding and Purpose
Radio Canada ,AMS,Junior Ballroom D,Mary Ingraham,University of Alberta,NA,NA,Robert Bailey,University of Calgary,"Radio Orchestras and the Cultivation of a National Music Culture: The CBC Vancouver Chamber Orchestra, 1938â€“2008"
Radio Canada ,AMS,Junior Ballroom D,Mary Ingraham,University of Alberta,NA,NA,Kimberly Francis,University of Guelph,"The Stravinsky Venture: Igor Stravinsky and the Canadian Broadcasting Corporation, 1961â€“62"
Jazz and the Demimonde ,AMS,Junior Ballroom D,Charles Hiroshi Garre,University of Michigan,NA,NA,Vanessa Blais-Tremblay,McGill University,Gorgeous Girlies in Glittering Gyrations: Exotic Dance and Interwar Jazz
Jazz and the Demimonde ,AMS,Junior Ballroom D,Charles Hiroshi Garre,University of Michigan,NA,NA,Dale Cockrell,Vanderbilt University,"Everybody's (Over) Doin' It: Sex, Alleged Music, and Rotten Dance in New York, 1910â€“17"
Blindness ,AMS,Grand Ballroom A,Lisa Barg,McGill University,NA,NA,Kira Dralle,"University of California, Santa Cruz",On BeyoncÃ©'s 'Formation' and Black Anger: How to Be an Ally in Musicological Discourse
Blindness ,AMS,Grand Ballroom A,Lisa Barg,McGill University,NA,NA,Eric Hung,Westminster Choir College of Rider University,Race-ing and Queering the Historical Mission of American Musicology through Public Musicology
Blindness ,AMS,Grand Ballroom A,Lisa Barg,McGill University,NA,NA,Kai Finlayson,New York University,Defense Mechanisms: Queering Musicological Aversions to Critical Race Theory
Blindness ,AMS,Grand Ballroom A,Lisa Barg,McGill University,NA,NA,Ali Na,University of California at Santa Cruz,The Color of Queer Critique: Sonic Performances of Blackness and Queer Temporality
and Perceptions ,AMS,Pavilion Ballroom A,Mark Pedelty,University of Minnesota,NA,NA,NA,NA,NA
"Concepts, Spaces, Sounds ",SMT,Junior Ballroom A/B,Julian Hook,Indiana University,NA,NA,Max Silva,University of Chicago,Un-Quin(n)ing Qualia
"Concepts, Spaces, Sounds ",SMT,Junior Ballroom A/B,Julian Hook,Indiana University,NA,NA,Dmitri Tymoczko,Princeton University,Shostakovich and 'Playing Out': Centric Set Theory and Polyoctatonicism in the Seventh String Quartet
"Concepts, Spaces, Sounds ",SMT,Junior Ballroom A/B,Julian Hook,Indiana University,NA,NA,Clifton Callender,Florida State University,The Tonal Extravagance of Large Pitch Sets
"Concepts, Spaces, Sounds ",SMT,Junior Ballroom A/B,Julian Hook,Indiana University,NA,NA,Richard Plotkin,"University at Buffalo, SUNY",Harmonious Opposition: Maximal Displacement and Voice-Leading Parsimony
Scholarship ,AMS,Grand Ballroom D,Andy Flory,Carleton College,Nicole Biamonte,McGill University,Keith Salley,Shenandoah Conservatory,Navigating Copyright Permissions/Evaluating Fair Use
Scholarship ,AMS,Grand Ballroom D,Andy Flory,Carleton College,Nicole Biamonte,McGill University,Lars Helger,Catholic University of America,Music Scholarship and Music Publishers: Common Problems and Potential Solutions
Scholarship ,AMS,Grand Ballroom D,Andy Flory,Carleton College,Nicole Biamonte,McGill University,Walter Evere,University of Michigan,Fair Use Considerations in Rock Scholarship
Figuring the Rhythm: Black Social Dance and its Musics ,AMS,Grand Ballroom C,Christopher J. Wells,Arizona State University,NA,NA,NA,NA,NA
Frauenarbeit: Four Triptychs by Women in Music Theory ,SMT,Pavilion Ballroom B,Jennifer Bain,Dalhousie University,NA,NA,Gretchen Horlacher,Indiana University,Movement in Music and Dance: A Neoclassical Collaboration for Orpheus
Frauenarbeit: Four Triptychs by Women in Music Theory ,SMT,Pavilion Ballroom B,Jennifer Bain,Dalhousie University,NA,NA,Julie Hedges Brown,Northern Arizona University,"Re-Hearing Schumann: A Ballet, a Quartet Adagio, and Multivalent Identity"
Frauenarbeit: Four Triptychs by Women in Music Theory ,SMT,Pavilion Ballroom B,Jennifer Bain,Dalhousie University,NA,NA,Robin Attas,Elon University,Dancing an Analysis: Approaching Popular Music Theory through Dance
Frauenarbeit: Four Triptychs by Women in Music Theory ,SMT,Pavilion Ballroom B,Jennifer Bain,Dalhousie University,NA,NA,Ellen Bakulina,University of North Texas,Non-Monotonality and Proto-Harmony in Rachmaninoff
Frauenarbeit: Four Triptychs by Women in Music Theory ,SMT,Pavilion Ballroom B,Jennifer Bain,Dalhousie University,NA,NA,Charity Lofthouse,Hobart and William Smith Colleges,Pushing the Boundaries: Mismatch and Overlap in Shostakovich's 'Classical' Structures
Frauenarbeit: Four Triptychs by Women in Music Theory ,SMT,Pavilion Ballroom B,Jennifer Bain,Dalhousie University,NA,NA,Deborah Rifkin,Ithaca College,Prokofiev's Chromaticism in Fairy Tales: Cinderella and Peter and the Wolf
Frauenarbeit: Four Triptychs by Women in Music Theory ,SMT,Pavilion Ballroom B,Jennifer Bain,Dalhousie University,NA,NA,Nancy Yunhwa Rao,Rutgers University,"Analysis, and the Dilemma of Music Genealogy: The Cases of Ruth Crawford and Johanna Beyer"
Frauenarbeit: Four Triptychs by Women in Music Theory ,SMT,Pavilion Ballroom B,Jennifer Bain,Dalhousie University,NA,NA,Antonella Di Giulio,Buffalo State College,Blind and Imaged: Musical Intuitions in an Open Work
Frauenarbeit: Four Triptychs by Women in Music Theory ,SMT,Pavilion Ballroom B,Jennifer Bain,Dalhousie University,NA,NA,Patricia Hall,University of Michigan,'Border Crossing' in Dario Marianelli's Score for Atonement
Frauenarbeit: Four Triptychs by Women in Music Theory ,SMT,Pavilion Ballroom B,Jennifer Bain,Dalhousie University,NA,NA,Laura Emmery,Emory University,Repetition and Formal Destruction in Popular Music
Frauenarbeit: Four Triptychs by Women in Music Theory ,SMT,Pavilion Ballroom B,Jennifer Bain,Dalhousie University,NA,NA,Victoria Malawey,Macalester College,Analyzing the Popular Voice
Frauenarbeit: Four Triptychs by Women in Music Theory ,SMT,Pavilion Ballroom B,Jennifer Bain,Dalhousie University,NA,NA,Jacqueline Warwick,Dalhousie University,Listening with a Gendered Ear
The Operatic Canon ,AMS,Port Alberni,James Parakilas,Bates College,James Parakilas,Bates College,NA,NA,NA
Producing the Groove ,SMT,Grand Ballroom B,Mark Butler,Northwestern University,NA,NA,Nathan Hesselink,University of British Columbia,The Backbeat as Expressive Device in Popular Music
Producing the Groove ,SMT,Grand Ballroom B,Mark Butler,Northwestern University,NA,NA,Michael D'Errico,Pitzer College,Off the Grid: Self-Effacing Production in Electronic Dance Music
Producing the Groove ,SMT,Grand Ballroom B,Mark Butler,Northwestern University,NA,NA,Asaf Peres,"Ann Arbor, Michigan",(Dys)Functional Harmony: How Sound Production in Twenty-First Century Pop Music Liberates Harmony from its Functional Role
Producing the Groove ,SMT,Grand Ballroom B,Mark Butler,Northwestern University,NA,NA,Chris McDonald,Cape Breton University,"Groove, Timbre and the Metaphor of Weight"
Analyzing Beethoven ,AMS/SMT,Junior Ballroom C,Alexander Rehding,Harvard University,NA,NA,John Z. McKay,University of South Carolina,Formalizing the Eroica: The E Minor Theme and the Structure of Analytical Revolutions
Analyzing Beethoven ,AMS/SMT,Junior Ballroom C,Alexander Rehding,Harvard University,NA,NA,Mark Evan Bonds,University of North Carolina at Chapel Hill,"Positively Ironic: Beethoven's 'Serioso' String Quartet in F minor, op. 95"
Performance and Analysis ,SMT,Junior Ballroom C,Alan Dodson,University of British Columbia,NA,NA,Andrew M. Friedman,Harvard University,Reimagining (Motivic) Analysis in Light of Performance
Performance and Analysis ,SMT,Junior Ballroom C,Alan Dodson,University of British Columbia,NA,NA,Su Yin Mak,The Chinese University of Hong Kong,Communications about Musical
with Modern Eyes ,SMT,Junior Ballroom C,Devin Chaloux,Southern New Hampshire University,NA,NA,Jason Rosenholtz-Wi,Northwestern University,Cipriano de Rore Reappraised: Lovesickness and Eroticism in Calami sonum ferentes
with Modern Eyes ,SMT,Junior Ballroom C,Devin Chaloux,Southern New Hampshire University,NA,NA,Benjamin Dobbs,"Greenwood, S.C.",Comparing Cipriano de Rore's Four- and Five-Voice Madrigals: Indicators of Style in Cadential Practice
with Modern Eyes ,SMT,Junior Ballroom C,Devin Chaloux,Southern New Hampshire University,NA,NA,Richard Hermann,University of New Mexico,Is there Evidence for Meter via Cumulative Rhythm and Attack-Point Density in Cipriano de Rore's Madrigals?
with Modern Eyes ,SMT,Junior Ballroom C,Devin Chaloux,Southern New Hampshire University,NA,NA,Timothy R. McKinney,Baylor University,Scheme and Schism in Rore's Mia benigna fortuna
with Modern Eyes ,SMT,Junior Ballroom C,Devin Chaloux,Southern New Hampshire University,NA,NA,Jared C. Har,Oberlin College & Conservatory,A Deliberate Hoax? Using Rore's Calami sonum ferentes as a Pedagogical Tool
with Modern Eyes ,SMT,Junior Ballroom C,Devin Chaloux,Southern New Hampshire University,NA,NA,Heather Holmques,Umpqua Community College,Building a Narrative: Music and Text Relationships in the Undergraduate Analysis Classroom
Lost Repertories of the Cold War Era ,AMS,Pavilion Ballroom A,Alison Furlong,Ohio State University,NA,NA,NA,NA,NA
Melodic Motivations ,SMT,Pavilion Ballroom C,Ben Givan,Skidmore College,NA,NA,Christopher Gupta,Princeton University,A Theoretical Account of Cueing Systems in Collective Improvisation
Melodic Motivations ,SMT,Pavilion Ballroom C,Ben Givan,Skidmore College,NA,NA,Jeremy Smith,University of Minnesota,'I Know It's Over': Melodically-Established Keys
Melodic Motivations ,SMT,Pavilion Ballroom C,Ben Givan,Skidmore College,NA,NA,Joon Park,University of Arkansas,Long Dissonance and the Metaphors of Musical Work
Melodic Motivations ,SMT,Pavilion Ballroom C,Ben Givan,Skidmore College,NA,NA,Rich Pellegrin,University of Missouri,"Salience, Common Tones, and Middleground Dissonance in the Fourth Chorus of Brad Mehldau's Improvisation on 'All the Things You Are'"
Centuries ,AMS,Grand Ballroom D,Thomas Irvine,University of Southampton,NA,NA,Claudia Jensen,University of Washington,"Cavalli, Communiques, and the Kremlin: Muscovite Witnesses to Seventeenth-century Italian Music and Theater"
Centuries ,AMS,Grand Ballroom D,Thomas Irvine,University of Southampton,NA,NA,Kevin C. Karnes,Emory University,Inventing Eastern Europe in the Ear of the Enlightenment
Centuries ,AMS,Grand Ballroom D,Thomas Irvine,University of Southampton,NA,NA,Danielle M. Kuntz,Baldwin Wallace University,"Old Lisbon, New Rome: Marginalized Voices in Early Eighteenth-Century Portuguese Villancico and Oratorio"
Centuries ,AMS,Grand Ballroom D,Thomas Irvine,University of Southampton,NA,NA,Craig Russell,Cal Poly,"Smudged Blotches, Glued Paste-overs, and Crosshatched Rewrites: Uncovering Sumaya's MuriÃ³ por el pecado and His Compositional Process"
Music and Historical Materialism ,SMT,Pavilion Ballroom D,Brian Kane,Yale University,NA,NA,Sumanth Gopinath,University of Minnesota,Marxism and Minimalism: A Troubled Intersection
Music and Historical Materialism ,SMT,Pavilion Ballroom D,Brian Kane,Yale University,NA,NA,Stephan Hammel,"University of California, Irvine",The Conceptual Foundations of Historical Musical Materialism
Music and Historical Materialism ,SMT,Pavilion Ballroom D,Brian Kane,Yale University,NA,NA,Jarek Ervin,University of Virginia,"Popular Music Studies, Marxism, and the Cultural"
Music and Historical Materialism ,SMT,Pavilion Ballroom D,Brian Kane,Yale University,NA,NA,"Concept"" Naomi Waltham-Smith",University of Pennsylvania,'Are You Deaf?' Historical Materialism
Music and Historical Materialism ,SMT,Pavilion Ballroom D,Brian Kane,Yale University,NA,NA,Eric Dro,University of Texas at Austin,"Music, Technology, Music-As-Technology"
Sacred/Secular Exegetical Practices ,AMS,Grand Ballroom B,Jessie Ann Owens,"University of California, Davis",NA,NA,Megan Eagen,University of North Carolina at Chapel Hill,'A Literary . . . or Musical Gift': Erasmus Rotenbucher's Bergkreyen as a Primer for Protestant Lay Exegesis
Sacred/Secular Exegetical Practices ,AMS,Grand Ballroom B,Jessie Ann Owens,"University of California, Davis",NA,NA,Barbara Eichner,Oxford Brookes University,The Woman at the Well: Divine and Earth(l)y Love in Orlando di Lasso's Parody Masses
Sacred/Secular Exegetical Practices ,AMS,Grand Ballroom B,Jessie Ann Owens,"University of California, Davis",NA,NA,Mary Ellen Ryan,Indiana University,'Our Enemies Are Gathered Together': The Politics of Motets in the Newberry Partbooks
Sacred/Secular Exegetical Practices ,AMS,Grand Ballroom B,Jessie Ann Owens,"University of California, Davis",NA,NA,Sienna Wood,University of Colorado at Boulder,"Anti-Inquisition Propaganda at the Outbreak of the Dutch Revolt: NoÃ© Faignient's Chansons, madrigales et motetz"
Theater ,AMS,Port Alberni,Gundula Kreuzer,Yale University,NA,NA,Annelies Andries,Yale University,Dreaming 'OpÃ©ra de Luxe': Spectacle in Le Sueur's Ossian ou les Bardes
Theater ,AMS,Port Alberni,Gundula Kreuzer,Yale University,NA,NA,Katherine Hambridge,Durham University,'Genre Consciousness' in the Napoleonic Theater
Circuits of Empire ,AMS,Grand Ballroom A,Brigid Cohen,New York University,NA,NA,Bradley Shope,Texas A & M Corpus Christi,Trilateral Exchanges: Ragtime in Bombay in the 1910s and Its Musical Connections with London
Circuits of Empire ,AMS,Grand Ballroom A,Brigid Cohen,New York University,NA,NA,Gavin Williams,University of Cambridge,"Sound, Colony, and the Multinational: The Gramophone Company between London and Singapore, 1900â€“10"
The Eloquent Body ,AMS,Port McNeill,Janette Tilley,"Lehman College / Graduate Center, CUNY",NA,NA,Christina Hutten,University of British Columbia,The Claveciniste's Eloquent Body: Gestural Rhetoric in French Baroque Harpsichord Playing
The Eloquent Body ,AMS,Port McNeill,Janette Tilley,"Lehman College / Graduate Center, CUNY",NA,NA,Bettina Varwig,King's College London,'Mein Herze schwimmt im Blut': Early Modern Physiologies and Metaphors of the Heart
Holograms and Hauntings ,AMS,Grand Ballroom C,Joseph Auner,Tufts University,NA,NA,Lucie Vagnerova,Columbia University,"Blackness, Telepresence, and the Carceral State: Listening to the Hologram in American Music"
Holograms and Hauntings ,AMS,Grand Ballroom C,Joseph Auner,Tufts University,NA,NA,Griffin Woodworth,Inver Hills Community College,Symphonic Funk and the Discourse of 'Hot Rhythm' in the Music of Prince
Performing Meter ,SMT,Pavilion Ballroom B,Mitchell Ohriner,Shenandoah University,NA,NA,Richard Beaudoin,"Brandeis University and The Royal Academy of Music, London",Creaking Chairs and Metric Clarity: Microtiming Glenn Gould Recording Schoenberg op. 19/1
Performing Meter ,SMT,Pavilion Ballroom B,Mitchell Ohriner,Shenandoah University,NA,NA,Galen DeGraf,Columbia University,Types of Temporal Knowledge beyond the Mode of Attending
Reforming the Nation ,AMS,Junior Ballroom D,Carol A. Hess,"University of California, Davis",NA,NA,Marco Cosci,Fondazione Giorgio Cini,Listening to Another Italy: New Music for Ancestral Legacies in 1960s Italian Documentaries
Reforming the Nation ,AMS,Junior Ballroom D,Carol A. Hess,"University of California, Davis",NA,NA,Christina Taylor Gibson,Catholic University of America,'Whirling Around Mexico': Mabel Dodge Luhan and Carlos ChÃ¡vez
Versions ,AMS,Junior Ballroom A/B,John Deathridge,King's College London,NA,NA,Paul Hawkshaw,Yale University,A Bequest and a Legacy: Editing Anton Bruckner's Music in 'Later Times'
Versions ,AMS,Junior Ballroom A/B,John Deathridge,King's College London,NA,NA,Benjamin Korstved,Clark University,'It Will Now Achieve its Effect': Toward a Longer View of the Processes of Symphonic Composition
Alla Bastarda ,AMS,Port McNeill,Emily Wilbourne,"Queens College / Graduate Center, CUNY",NA,NA,Paul Schleuse,Binghamton University,"Transgendered Voices in Early-Modern Italy: Cantare alla bastarda, Everyday Virtuosity, and Performing Otherness"
Alla Bastarda ,AMS,Port McNeill,Emily Wilbourne,"Queens College / Graduate Center, CUNY",NA,NA,Nina Treadwell,"University of California, Santa Cruz",Anamorphic Display: The basso alla bastarda as Progenitor
Body and Spirit ,SMT,Pavilion Ballroom B,Arnie Cox,Oberlin College & Conservatory,NA,NA,Rosa Abrahams,Northwestern University,Synchronization in the Synagogue
Brazil and the Difference Within ,AMS,Junior Ballroom D,Leonora Saavedra,"University of California, Riverside",NA,NA,Rogerio Budasz,"University of California, Riverside",Outsiders and Insiders: Musical Practices of African and Brazil-Born Slaves as recorded in Brazilian Newspapers
Brazil and the Difference Within ,AMS,Junior Ballroom D,Leonora Saavedra,"University of California, Riverside",NA,NA,Silvio dos Santos,University of Florida,'Mata cacique' (Kill the Indian Chief ): The Crossroad Between Musical Activism and Indigenous Imagination in Brazilian Music
Dystopic Soundtracks ,AMS,Port Alberni,Julie Hubber,University of South Carolina,NA,NA,Rebecca Fulop,Oberlin College & Conservatory,A 'most authentic American folk music': Nostalgia and Colonialism in the Soundtrack of The Man in the High Castle
Dystopic Soundtracks ,AMS,Port Alberni,Julie Hubber,University of South Carolina,NA,NA,Katherine Reed,Utah Valley University,'Hooked to the Silver Screen': David Bowie's
Dystopic Soundtracks ,AMS,Port Alberni,Julie Hubber,University of South Carolina,NA,NA,Emily Dolan,Harvard University,Mendacious Technology
Dystopic Soundtracks ,AMS,Port Alberni,Julie Hubber,University of South Carolina,NA,NA,Roger Moseley,Cornell University,Grids and Filters: Chopinian Methods of (Dis)closure
,AMS,Junior Ballroom A/B,Francesca Brittan,Case Western Reserve University,NA,NA,Anna McCready,Royal College of Music,The 'Girouette' Effect: Les Pages du duc de VendÃ´me and Political Iconography in 1820
,AMS,Junior Ballroom A/B,Francesca Brittan,Case Western Reserve University,NA,NA,Tommaso Sabbatini,University of Chicago,Beyond Opera and Musical Theater: Rethinking Nineteenth-Century Parisian Theater with Music through the Lens of FÃ©erie
Sharing the Gospel ,AMS,Grand Ballroom C,Mark Burford,Reed College,NA,NA,C. Megan MacDonald,Florida State University,Embodying Faith and Fandom: Songs of Identity in Depression-Era Gospel Singing Communities
Sharing the Gospel ,AMS,Grand Ballroom C,Mark Burford,Reed College,NA,NA,Braxton Shelley,University of Chicago,'Tuning Up' in Contemporary Gospel Performance
Musical Disciplines ,AMS,Pavilion Ballroom D,Jonathan Service,University of Oxford,Richard Miller,University of Nevada-Las Vegas,Jonathan Service,University of Oxford,Tanaka ShÃ´hei's Quixotic Quest for Just Intonation and Pure Ears
Musical Disciplines ,AMS,Pavilion Ballroom D,Jonathan Service,University of Oxford,Richard Miller,University of Nevada-Las Vegas,Julia Kursell,University of Amsterdam,A Well-Tuned History of the Music of the World: Helmholtz's Investigation into the Material Conditions of Hearing
Musical Disciplines ,AMS,Pavilion Ballroom D,Jonathan Service,University of Oxford,Richard Miller,University of Nevada-Las Vegas,Daniel Walden,Harvard University,Emancipating Microtones: Nineteenth-Century Experiments with 53-Tone Equal Temperament
Musical Disciplines ,AMS,Pavilion Ballroom D,Jonathan Service,University of Oxford,Richard Miller,University of Nevada-Las Vegas,Benjamin Steege,Columbia University,The Ambivalent Ethics of Comparative Musicology: A Japanese Case Study
Jazz and the In Between ,AMS,Junior Ballroom D,Graeme Boone,Ohio State University,NA,NA,Ritwik Banerji,"University of California, Berkeley",Outlining a Phenomenology of Ethics: Moral Failures in the Listening Practices of an Artificially-Intelligent 'Free' Improviser
Jazz and the In Between ,AMS,Junior Ballroom D,Graeme Boone,Ohio State University,NA,NA,Darren LaCour,Lindenwood University,"Composing within the Lines, Working behind the Scenes: Duke Ellington, Billy Strayhorn, and Dick Vance's Arrangements for At the"
Jazz and the In Between ,AMS,Junior Ballroom D,Graeme Boone,Ohio State University,NA,NA,Lucille Mok,"Chicago, Ill.",Earwitnessing Jazz and the Leonard Feather Blindfold Tests
Jazz and the In Between ,AMS,Junior Ballroom D,Graeme Boone,Ohio State University,NA,NA,J. Cole Ritchie,University of North Texas,Recent Jazz Arrangements of Western Art Music as Foreignized Translations
National Entanglements ,AMS,Pavilion Ballroom C,KlÃ¡ra MÃ³ricz,Amherst College,NA,NA,Thomas Irvine,University of Southampton,Hubert Parry's Dream of German Music
National Entanglements ,AMS,Pavilion Ballroom C,KlÃ¡ra MÃ³ricz,Amherst College,NA,NA,Ditlev Rindom,University of Cambridge,Italians Abroad: The Milan Exposition of 1906
National Entanglements ,AMS,Pavilion Ballroom C,KlÃ¡ra MÃ³ricz,Amherst College,NA,NA,Kelly St. Pierre,Wichita State University,"Measuring a Czech Ethnicity: Musicology, Race,"
National Entanglements ,AMS,Pavilion Ballroom C,KlÃ¡ra MÃ³ricz,Amherst College,NA,NA,Aidan Thomson,"Queen's University, Belfas","Bax's In Memoriam: Memory, Martyrdom and Modalities of Irishness"
Re-Making Radio ,AMS,Junior Ballroom C,Christina Baade,McMaster University,Christina Baade,McMaster University,Brian Kane,Yale University,Your Hit Parade and the Soundscape of Standards
Re-Making Radio ,AMS,Junior Ballroom C,Christina Baade,McMaster University,Christina Baade,McMaster University,Jennifer Iverson,University of Chicago,Beyond Darmstadt: Radio and the West German
Re-Making Radio ,AMS,Junior Ballroom C,Christina Baade,McMaster University,Christina Baade,McMaster University,"New-Music Ecology"" Joshua Tucker",Brown University,"Broadcast Sound as Cultural and Natural Resource: Indigenous Music, Community Radio, and Ecological Activism in the Peruvian Andes"
Re-Making Radio ,AMS,Junior Ballroom C,Christina Baade,McMaster University,Christina Baade,McMaster University,Eric Dro,University of Texas at Austin,Music as a Technology of Surveillance
in the Twenty-First Century ,AMS,Junior Ballroom A/B,Suzanne Cusick,New York University,NA,NA,NA,NA,NA
News from the Ars Nova ,AMS,Pavilion Ballroom A,Anne Stone,"Graduate Center, CUNY",NA,NA,Michael Scott Cuthber,MIT,"Hidden in Our Publications: New Concordances, Quotations, and Citations in Fourteenth-Century Music"
News from the Ars Nova ,AMS,Pavilion Ballroom A,Anne Stone,"Graduate Center, CUNY",NA,NA,Gillian Gower,Southern Methodist University,"Reassessing the Manuscript New York, Pierpont Morgan Library M. 978"
Performance and Conceptual Art in New York City ,AMS,Port McNeill,Alexa Woloshyn,Carnegie Mellon University,NA,NA,Caitlin Schmid,Harvard University,'Musicians Using Bizarre Sounds': Charlotte Moorman's New York Avant Garde Festival and Performance Art as Music
Performance and Conceptual Art in New York City ,AMS,Port McNeill,Alexa Woloshyn,Carnegie Mellon University,NA,NA,Maria Edurne Zuazu,"Graduate Center, CUNY","Audiotopias and Remembrance in the Reception of Janet Cardiff's The Forty Part Motet in New York City, 2001â€“14"
Regulating Pitch ,AMS,Port Alberni,Gregory Barne,Rice University,NA,NA,Michael Dodds,University of North Carolina School of the Arts,Internal and External Factors of Seicento Modal Conventions
Regulating Pitch ,AMS,Port Alberni,Gregory Barne,Rice University,NA,NA,Fanny Gribenski,"University of California, Los Angeles","Tuning the World: A History of Global Negotiations at the Crossroads of Aesthetics, Politics, Science, and Industry"
Transatlantic Utopias ,AMS,Pavilion Ballroom B,Stephanie Jensen-Moulton,Brooklyn College,NA,NA,Michael Accinno,"University of California, Davis",A Music Conservatory for the Blind? Francis Joseph Campbell's American Dream
Transatlantic Utopias ,AMS,Pavilion Ballroom B,Stephanie Jensen-Moulton,Brooklyn College,NA,NA,Samuel Dwinell,University of Akron,Afro-Wagnerism in Imperial London: Samuel Coleridge-Taylor's Thelma and the Endless Melody of Interracial Dreams
Musical Institutions in the Seventeenth Century ,AMS,Port Alberni,Margaret Murata,"University of California, Irvine",NA,NA,Mollie Ables,Indiana University,The Chiesa di Santa Maria della Consolazione and Giovanni Legrenzi's Early Venetian Career: 1671â€“77
Musical Institutions in the Seventeenth Century ,AMS,Port Alberni,Margaret Murata,"University of California, Irvine",NA,NA,Arne Spohr,Bowling Green State University,Privileged Dependency: The Legal and Social Position of Black Court Trumpeters in Seventeenth-Century Germany
Paris Streets in the Nineteenth Century ,AMS,Pavilion Ballroom B,Steven Huebner,McGill University,NA,NA,Jacek Blaszkiewicz,"Eastman School of Music, University of Rochester",Listening to the Old City: Street Cries and Urbanization in Second-Empire Paris
Paris Streets in the Nineteenth Century ,AMS,Pavilion Ballroom B,Steven Huebner,McGill University,NA,NA,Nicole Vilkner,Rutgers University,Musiciens ambulants: The Politics of Sound and Street Space in Nineteenth-Century Paris
de Rore ,AMS,Pavilion Ballroom A,Robert Kendrick,University of Chicago,M. Jennifer Bloxam,Williams College,David Crook,University of Wisconsin-Madison,Da le belle contrade and the 'stella matutina'
de Rore ,AMS,Pavilion Ballroom A,Robert Kendrick,University of Chicago,M. Jennifer Bloxam,Williams College,Jessie Ann Owens,"University of California, Davis",Scarco di doglia and 'il bel pensier'
Video Games ,AMS,Port McNeill,William Cheng,Dartmouth College,NA,NA,William Gibbons,Texas Christian University,The Sounds in the Machine: Hirokazu Tanaka's Cybernetic Soundscape for Metroid
Video Games ,AMS,Port McNeill,William Cheng,Dartmouth College,NA,NA,Joseph E. Jones,Texas A&M University-Kingsville,Encultured Musical Codes in Bear McCreary's Video Game and TV Soundtracks
Music and Medievalism: New Critical Approaches ,AMS,Port Alberni,Stephen Meyer,University of Cincinnati,NA,NA,NA,NA,NA
New Directions in Post-Soviet Musicology ,AMS,Port McNeill,Vladimir Orlov,Smolny-Bard College / St. Petersburg State University,Richard Taruskin,"University of California, Berkeley",NA,NA,NA
for an Emergent Field ,AMS,Pavilion Ballroom B,Solis,University of Illinois at Urbana-Champaign,NA,NA,NA,NA,NA
Music and the Middlebrow ,AMS,Pavilion Ballroom A,Stephen Hinton,Stanford University,Benjamin Pieku,Cornell University,NA,NA,NA
Case Studies in Radiophonic Art ,AMS,Grand Ballroom A,Michael Gallope,University of Minnesota,NA,NA,Kate Galloway,Wesleyan University/Memorial University of Newfoundland,Soundscaping the Radio: Sonic Witnessing and the Resonances of Experimental Radio Soundwork through Electroacoustic Soundscape Composition
Case Studies in Radiophonic Art ,AMS,Grand Ballroom A,Michael Gallope,University of Minnesota,NA,NA,John Klaess,Yale University,105.9 WHBI-FM and the Cassette Economy of Early Hip Hop
Case Studies in Radiophonic Art ,AMS,Grand Ballroom A,Michael Gallope,University of Minnesota,NA,NA,Danielle Simon,"University of California, Berkeley",In Search of a Futurist Radio Aesthetic
Case Studies in Radiophonic Art ,AMS,Grand Ballroom A,Michael Gallope,University of Minnesota,NA,NA,Alexander Stalarow,"University of California, Davis",Pierre Schaeffer's La coquille Ã  planÃ¨tes and Experiments in French Wartime Radio Production
"Music, Class, and the Great War ",AMS,Port McNeill,Alain Frogley,University of Connecticu,NA,NA,Emily C. Hoyler,School of the Art Institute of Chicago,Highbrow Bullies and Lowbrow Menaces: Judgments of Music and Taste in Interwar BBC Periodicals
"Music, Class, and the Great War ",AMS,Port McNeill,Alain Frogley,University of Connecticu,NA,NA,Michelle Meinhar,Durham University / Martin Methodist College,'It's a Long Way to Tipperary . . .' and Tennessee: Unlikely Musical Exchanges in the English Country House
"Music, Class, and the Great War ",AMS,Port McNeill,Alain Frogley,University of Connecticu,NA,NA,Rachel Moore,University of Oxford,Articulating Allied Identity: Cross-Channel Musical Exchange between Paris and London during World War I
"Music, Class, and the Great War ",AMS,Port McNeill,Alain Frogley,University of Connecticu,NA,NA,Vanessa Williams,University of Pennsylvania,"'Near to Reality, but Not Quite': Lena Ashwell's Concerts at the Front during the First World War"
Navigating the First Years on the Job ,SMT,Junior Ballroom C,Samuel Ng,University of Cincinnati,NA,NA,NA,NA,NA
Opera in Russia ,AMS,Grand Ballroom B,Inessa Bazayev,Louisiana State University,NA,NA,Elise Bonner,Columbia University,"Reassessing Russian Comic Opera: Singers, Aesthetics, and Success in Eighteenth-Century St. Petersburg"
Opera in Russia ,AMS,Grand Ballroom B,Inessa Bazayev,Louisiana State University,NA,NA,Marina Frolova-Walker,University of Cambridge,"Newspaper to Opera: Orango, Topicality, and the Documentary Aesthetic"
Opera in Russia ,AMS,Grand Ballroom B,Inessa Bazayev,Louisiana State University,NA,NA,Esti Sheinberg,University of Nebraska-Lincoln,Shostakovich's Lady Macbeth from the Mtzensk District: the finale of Scene Four as opera buffa parody
Opera in Russia ,AMS,Grand Ballroom B,Inessa Bazayev,Louisiana State University,NA,NA,Daniil Zavlunov,Stetson University,Opera as Policy during the Reign of Nicholas I: The
Practice ,SMT,Pavilion Ballroom D,Janet Schmalfeld,Tufts University,NA,NA,Benedict Taylor,University of Edinburgh,Mendelssohn and Sonata Form: The Case of op. 44 no. 2
Practice ,SMT,Pavilion Ballroom D,Janet Schmalfeld,Tufts University,NA,NA,Julian Horton,Durham University,Mendelssohn's Piano Trio op. 66 and the Analysis of Romantic Form
Practice ,SMT,Pavilion Ballroom D,Janet Schmalfeld,Tufts University,NA,NA,Steven Vande Moortele,University of Toronto,Expansion and Recomposition in Mendelssohn's Symphonic Sonata Forms
Practice ,SMT,Pavilion Ballroom D,Janet Schmalfeld,Tufts University,NA,NA,Thomas Grey,Stanford University,"Deformed Beauty? Form and Narrative in the Overture to the Tale of the Fair Melusine, op. 32"
Theatrical Voices ,AMS,Grand Ballroom C,Jonathan Glixon,University of Kentucky,NA,NA,Berta Joncus,"Goldsmiths, University of London",Scoring for Celebrity: The Authority of
Theatrical Voices ,AMS,Grand Ballroom C,Jonathan Glixon,University of Kentucky,NA,NA,Jessica Peritz,University of Chicago,"Orpheus, Timotheus, and the Politics of Voice in Enlightenment Italy"
Theatrical Voices ,AMS,Grand Ballroom C,Jonathan Glixon,University of Kentucky,NA,NA,Hendrik Schulze,University of North Texas,"Monteverdi, Cavalli, 'Natural' Depiction of Affection, and the Principle of Dialogue"
Theatrical Voices ,AMS,Grand Ballroom C,Jonathan Glixon,University of Kentucky,NA,NA,Emily Wilbourne,"Queens College / Graduate Center, CUNY","Ahi ghidy, Ahi Chavo: Racialized Difference and Theatrical Sound on the Early Modern Italian Stage"
,SMT,Pavilion Ballroom B,Jack Boss,University of Oregon,NA,NA,Jennifer Beavers,University of Texas at San Antonio,Timbrally-Marked Structures in Ravel's Piano Concertos
,SMT,Pavilion Ballroom B,Jack Boss,University of Oregon,NA,NA,Andrew Pau,Oberlin College & Conservatory,Plagal Systems in the Songs of FaurÃ© and Duparc
,SMT,Pavilion Ballroom B,Jack Boss,University of Oregon,NA,NA,Timothy Jackson,University of North Texas,Puccini's PellÃ©as and Butterfly's Transformations of Partimenti
,SMT,Pavilion Ballroom B,Jack Boss,University of Oregon,NA,NA,Catherine Nolan,University of Western Ontario,"Synergies of Musical and Poetic Transformation in Anton Webern's Second Cantata, op. 31"
Gastromusicology ,AMS,Junior Ballroom D,Massimo Ossi,Indiana University,NA,NA,Susan Lewis,University of Victoria,A Feast for the Senses: The Use of Culinary Rhetoric in Music Books of the Seventeenth Century
Gastromusicology ,AMS,Junior Ballroom D,Massimo Ossi,Indiana University,NA,NA,Pierpaolo Polzonetti,University of Notre Dame,"Banquets, Bacchanals, and the Birth of Opera: The Drinking Song in Politian's Orfeo"
Modernist Intermedia ,AMS,Grand Ballroom D,Stephen Hinton,Stanford University,NA,NA,Michael Christoforidis,University of Melbourne,Forging Cubist Music: Igor Stravinsky's
Modernist Intermedia ,AMS,Grand Ballroom D,Stephen Hinton,Stanford University,NA,NA,Stephanie Probs,Harvard University,"Making Points, Extending Lines: Visualizing Music at the Bauhaus"
Performing Difference in the City ,AMS,Junior Ballroom A/B,Loren Kajikawa,University of Oregon,NA,NA,Lauron Kehrer,"Eastman School of Music, University of Rochester",'Wut it is? Wut is up? Wut is wut?': New York City's Black Queer Rap as Genre
Performing Difference in the City ,AMS,Junior Ballroom A/B,Loren Kajikawa,University of Oregon,NA,NA,Natalie Oshukany,"Graduate Center, CUNY",'Brighton Beach Has Long Been Odessan': Willi Tokarev and the Third Wave Soviet Jewish Immigrant Community in 1980s New
,AMS,Pavilion Ballroom A,Joice Waterhouse Gibson,Metropolitan State University of Denver,NA,NA,Christa Evans,Princeton University,The Schaffner Manuscripts: Musical Commonplacing in an Age of Print
,AMS,Pavilion Ballroom A,Joice Waterhouse Gibson,Metropolitan State University of Denver,NA,NA,Glenda Goodman,University of Pennsylvania,Printing National Music: Form and Content in Post-Revolutionary America
Realism and Surrealism in French Film Music ,AMS,Port Alberni,Colin Rous,University of Kansas,NA,NA,Hannah Lewis,University of Texas at Austin,Surrealist Sounds: French Film Music and the Cinematic Avant-Garde
Realism and Surrealism in French Film Music ,AMS,Port Alberni,Colin Rous,University of Kansas,NA,NA,Leslie Sprou,Drew University,Realism in Theory and Practice in Early French Sound
Sound and Image ,SMT,Pavilion Ballroom C,Jonathan Bernard,University of Washington,NA,NA,Orit Hilewicz,Columbia University,"Reciprocal Interpretations of Music and Painting: Representation Types in Schuller, Tan, and Davies after Paul Klee"
Sound and Image ,SMT,Pavilion Ballroom C,Jonathan Bernard,University of Washington,NA,NA,Anna Gawboy,Ohio State University,Toward an Analysis of Visual Music
Late Quattrocento Song ,AMS,Pavilion Ballroom A,Giovanni Zanovello,Indiana University,NA,NA,Elizabeth Elmi,Indiana University,Written and Oral Practice in Late-Quattrocento Neapolitan Song
Late Quattrocento Song ,AMS,Pavilion Ballroom A,Giovanni Zanovello,Indiana University,NA,NA,Adam Knight Gilber,University of Southern California,Palindromic Play in the Anonymous Chansons of the Chansonnier El Escorial IV.a.24
Mediating the Blues ,AMS,Junior Ballroom A/B,Gabriel Solis,University of Illinois at Urbana-Champaign,NA,NA,Lawrence Davies,King's College London,"Journey to the Land of the Blues: Encounters and Exchange in British and European Visits to Chicago, 1957â€“60"
Mediating the Blues ,AMS,Junior Ballroom A/B,Gabriel Solis,University of Illinois at Urbana-Champaign,NA,NA,Gayle Murchison,College of William & Mary,"Chicago Blues in the Studio: Bill Putnam, Muddy Waters, 'Still a Fool' and the Chess Sound"
Music as Character in Film ,AMS,Port Alberni,Jordan Carmalt Stokes,Hunter College / The Juilliard School,NA,NA,Per Broman,Bowling Green State University,To Joy and Failure: Ingmar Bergman's Musicians
Music as Character in Film ,AMS,Port Alberni,Jordan Carmalt Stokes,Hunter College / The Juilliard School,NA,NA,Gregory Camp,University of Auckland,The Articulation of Performance and Character through Music in the Films of James Dean
Music for Stage and Screen ,SMT,Pavilion Ballroom C,James Buhler,University of Texas at Austin,NA,NA,Nathan Beary Blustein,Indiana University,Playwriting in Song: 'Reprise Types' in Stephen Sondheim's Sweeney Toddâ€‰
Music for Stage and Screen ,SMT,Pavilion Ballroom C,James Buhler,University of Texas at Austin,NA,NA,Frank Lehman,Tufts University,Film-As-Concert Music and the Formal Implications of 'Cinematic Listening'
Postwar ,AMS,Grand Ballroom D,Seth Brodsky,University of Chicago,NA,NA,Benjamin Downs,Stony Brook University,Vocal Immediacy and Lingual Mediation at the End of the Darmstadt School
Postwar ,AMS,Grand Ballroom D,Seth Brodsky,University of Chicago,NA,NA,Amy Bauer,"University of California, Irvine",Modernist Voice and the Failure of Language
Prima Donnas ,AMS,Junior Ballroom D,Karen Henson,University of Miami,NA,NA,Margaret Butler,University of Florida,"The Gabrielli Mystique: Sovereignty, Fandom, and the Prima Donna in Late Eighteenth-Century Italian Opera"
Prima Donnas ,AMS,Junior Ballroom D,Karen Henson,University of Miami,NA,NA,Charles Edward McGuire,Oberlin College & Conservatory,"'A Carnival or a Sacrament, a Fair or a Funeral': The Prima Donna at the 1820s British Musical Festival, 1824"
